{
  "dataset_path": "thesis\\electronic-chatbot\\apps\\api\\resources\\ml_models\\training_data_v2.pkl",
  "sample_count": 5550,
  "feature_count": 39,
  "thresholds": {
    "mi_threshold": 0.5,
    "uniqueness_threshold": 0.95,
    "spearman_threshold": 0.9
  },
  "suspect_feature_count": 3,
  "suspect_features": [
    {
      "feature": "log_gain",
      "mi_topology": 1.4591272566952367,
      "mi_block": 1.3611785557160734,
      "uniqueness_ratio": 1.0,
      "spearman_topology": 0.625280373501753,
      "spearman_block": 0.2531095906230289,
      "max_mi": 1.4591272566952367,
      "max_abs_spearman": 0.625280373501753,
      "suspect": true,
      "suspect_reasons": [
        "high_mutual_information_with_near_unique_values"
      ],
      "suspicion_score": 1.4591272566952367
    },
    {
      "feature": "gain",
      "mi_topology": 1.4573952627333462,
      "mi_block": 1.3597156908680041,
      "uniqueness_ratio": 1.0,
      "spearman_topology": 0.625280373501753,
      "spearman_block": 0.2531095906230289,
      "max_mi": 1.4573952627333462,
      "max_abs_spearman": 0.625280373501753,
      "suspect": true,
      "suspect_reasons": [
        "high_mutual_information_with_near_unique_values"
      ],
      "suspicion_score": 1.4573952627333462
    },
    {
      "feature": "frequency_log",
      "mi_topology": 0.622779323310712,
      "mi_block": 0.5762788549242956,
      "uniqueness_ratio": 1.0,
      "spearman_topology": -0.23350112376056684,
      "spearman_block": -0.31213087511661664,
      "max_mi": 0.622779323310712,
      "max_abs_spearman": 0.31213087511661664,
      "suspect": true,
      "suspect_reasons": [
        "high_mutual_information_with_near_unique_values"
      ],
      "suspicion_score": 1.0
    }
  ],
  "ranked_features": [
    {
      "feature": "log_gain",
      "mi_topology": 1.4591272566952367,
      "mi_block": 1.3611785557160734,
      "uniqueness_ratio": 1.0,
      "spearman_topology": 0.625280373501753,
      "spearman_block": 0.2531095906230289,
      "max_mi": 1.4591272566952367,
      "max_abs_spearman": 0.625280373501753,
      "suspect": true,
      "suspect_reasons": [
        "high_mutual_information_with_near_unique_values"
      ],
      "suspicion_score": 1.4591272566952367
    },
    {
      "feature": "gain",
      "mi_topology": 1.4573952627333462,
      "mi_block": 1.3597156908680041,
      "uniqueness_ratio": 1.0,
      "spearman_topology": 0.625280373501753,
      "spearman_block": 0.2531095906230289,
      "max_mi": 1.4573952627333462,
      "max_abs_spearman": 0.625280373501753,
      "suspect": true,
      "suspect_reasons": [
        "high_mutual_information_with_near_unique_values"
      ],
      "suspicion_score": 1.4573952627333462
    },
    {
      "feature": "frequency_log",
      "mi_topology": 0.622779323310712,
      "mi_block": 0.5762788549242956,
      "uniqueness_ratio": 1.0,
      "spearman_topology": -0.23350112376056684,
      "spearman_block": -0.31213087511661664,
      "max_mi": 0.622779323310712,
      "max_abs_spearman": 0.31213087511661664,
      "suspect": true,
      "suspect_reasons": [
        "high_mutual_information_with_near_unique_values"
      ],
      "suspicion_score": 1.0
    },
    {
      "feature": "extra_req__voltage_gain",
      "mi_topology": 0.6952786495903713,
      "mi_block": 0.6245598223080284,
      "uniqueness_ratio": 0.23333333333333334,
      "spearman_topology": 0.5492551482179896,
      "spearman_block": -0.0023598734803402647,
      "max_mi": 0.6952786495903713,
      "max_abs_spearman": 0.5492551482179896,
      "suspect": false,
      "suspect_reasons": [],
      "suspicion_score": 0.6952786495903713
    },
    {
      "feature": "power_output",
      "mi_topology": 0.5770076762845067,
      "mi_block": 0.5797058564287534,
      "uniqueness_ratio": 0.2281081081081081,
      "spearman_topology": -0.6709841156114553,
      "spearman_block": 0.04586341120531761,
      "max_mi": 0.5797058564287534,
      "max_abs_spearman": 0.6709841156114553,
      "suspect": false,
      "suspect_reasons": [],
      "suspicion_score": 0.6709841156114553
    },
    {
      "feature": "device_preference__auto",
      "mi_topology": 0.6650112116392717,
      "mi_block": 0.5699718729602696,
      "uniqueness_ratio": 0.22216216216216217,
      "spearman_topology": -0.4079797303870194,
      "spearman_block": 0.0630251515432419,
      "max_mi": 0.6650112116392717,
      "max_abs_spearman": 0.4079797303870194,
      "suspect": false,
      "suspect_reasons": [],
      "suspicion_score": 0.6650112116392717
    },
    {
      "feature": "extra_req__power_amplification",
      "mi_topology": 0.5292427587685542,
      "mi_block": 0.5296214598284856,
      "uniqueness_ratio": 0.22162162162162163,
      "spearman_topology": -0.5614607928789914,
      "spearman_block": 0.02346453070593388,
      "max_mi": 0.5296214598284856,
      "max_abs_spearman": 0.5614607928789914,
      "suspect": false,
      "suspect_reasons": [],
      "suspicion_score": 0.5614607928789914
    },
    {
      "feature": "device_preference__mosfet",
      "mi_topology": 0.549013474094052,
      "mi_block": 0.5465260816094712,
      "uniqueness_ratio": 0.23135135135135135,
      "spearman_topology": 0.09225117787582196,
      "spearman_block": -0.09811986689360754,
      "max_mi": 0.549013474094052,
      "max_abs_spearman": 0.09811986689360754,
      "suspect": false,
      "suspect_reasons": [],
      "suspicion_score": 0.549013474094052
    },
    {
      "feature": "supply_mode__auto",
      "mi_topology": 0.479464972927909,
      "mi_block": 0.47284363027517085,
      "uniqueness_ratio": 0.23189189189189188,
      "spearman_topology": -0.48161144803475525,
      "spearman_block": -0.5406780751193158,
      "max_mi": 0.479464972927909,
      "max_abs_spearman": 0.5406780751193158,
      "suspect": false,
      "suspect_reasons": [],
      "suspicion_score": 0.5406780751193158
    },
    {
      "feature": "device_preference__opamp",
      "mi_topology": 0.47009934177370694,
      "mi_block": 0.4653226684780818,
      "uniqueness_ratio": 0.23927927927927928,
      "spearman_topology": 0.4825142832983725,
      "spearman_block": 0.5395962697695456,
      "max_mi": 0.47009934177370694,
      "max_abs_spearman": 0.5395962697695456,
      "suspect": false,
      "suspect_reasons": [],
      "suspicion_score": 0.5395962697695456
    },
    {
      "feature": "extra_req__high_input_impedance",
      "mi_topology": 0.5101145313215198,
      "mi_block": 0.43203918431931454,
      "uniqueness_ratio": 0.22684684684684683,
      "spearman_topology": 0.23663925252594092,
      "spearman_block": 0.1598151320301241,
      "max_mi": 0.5101145313215198,
      "max_abs_spearman": 0.23663925252594092,
      "suspect": false,
      "suspect_reasons": [],
      "suspicion_score": 0.5101145313215198
    },
    {
      "feature": "device_preference__bjt",
      "mi_topology": 0.499052380916019,
      "mi_block": 0.4048359125333678,
      "uniqueness_ratio": 0.2118918918918919,
      "spearman_topology": -0.13456963444425513,
      "spearman_block": -0.506586909297889,
      "max_mi": 0.499052380916019,
      "max_abs_spearman": 0.506586909297889,
      "suspect": false,
      "suspect_reasons": [],
      "suspicion_score": 0.506586909297889
    },
    {
      "feature": "output_buffer",
      "mi_topology": 0.47231392404997097,
      "mi_block": 0.38008605554674224,
      "uniqueness_ratio": 0.22594594594594594,
      "spearman_topology": 0.07369480786090543,
      "spearman_block": -0.41898090389675247,
      "max_mi": 0.47231392404997097,
      "max_abs_spearman": 0.41898090389675247,
      "suspect": false,
      "suspect_reasons": [],
      "suspicion_score": 0.47231392404997097
    },
    {
      "feature": "extra_req__low_input_impedance",
      "mi_topology": 0.4078219532021716,
      "mi_block": 0.4088280521254415,
      "uniqueness_ratio": 0.22792792792792793,